<annotation>
	<folder>images</folder>
	<filename>damaged_apple (272).jpg</filename>
	<path>C:\Users\Moses Olafenwa\Documents\AI\Custom Datasets\- Apples\DIST\images\damaged_apple (272).jpg</path>
	<source>
		<database>Unknown</database>
	</source>
	<size>
		<width>391</width>
		<height>129</height>
		<depth>3</depth>
	</size>
	<segmented>0</segmented>
	<object>
		<name>damaged_apple</name>
		<pose>Unspecified</pose>
		<truncated>0</truncated>
		<difficult>0</difficult>
		<bndbox>
			<xmin>8</xmin>
			<ymin>29</ymin>
			<xmax>102</xmax>
			<ymax>113</ymax>
		</bndbox>
	</object>
	<object>
		<name>damaged_apple</name>
		<pose>Unspecified</pose>
		<truncated>0</truncated>
		<difficult>0</difficult>
		<bndbox>
			<xmin>120</xmin>
			<ymin>17</ymin>
			<xmax>234</xmax>
			<ymax>117</ymax>
		</bndbox>
	</object>
</annotation>
