<annotation>
	<folder>images</folder>
	<filename>damaged_apple (301).jpg</filename>
	<path>C:\Users\Moses Olafenwa\Documents\AI\Custom Datasets\- Apples\DIST\images\damaged_apple (301).jpg</path>
	<source>
		<database>Unknown</database>
	</source>
	<size>
		<width>266</width>
		<height>189</height>
		<depth>3</depth>
	</size>
	<segmented>0</segmented>
	<object>
		<name>damaged_apple</name>
		<pose>Unspecified</pose>
		<truncated>0</truncated>
		<difficult>0</difficult>
		<bndbox>
			<xmin>53</xmin>
			<ymin>47</ymin>
			<xmax>154</xmax>
			<ymax>154</ymax>
		</bndbox>
	</object>
	<object>
		<name>damaged_apple</name>
		<pose>Unspecified</pose>
		<truncated>0</truncated>
		<difficult>0</difficult>
		<bndbox>
			<xmin>114</xmin>
			<ymin>40</ymin>
			<xmax>220</xmax>
			<ymax>150</ymax>
		</bndbox>
	</object>
</annotation>
