<annotation>
	<folder>images</folder>
	<filename>apple (122).jpg</filename>
	<path>C:\Users\Moses Olafenwa\Documents\AI\Custom Datasets\- Apples\DIST\images\apple (122).jpg</path>
	<source>
		<database>Unknown</database>
	</source>
	<size>
		<width>314</width>
		<height>161</height>
		<depth>3</depth>
	</size>
	<segmented>0</segmented>
	<object>
		<name>apple</name>
		<pose>Unspecified</pose>
		<truncated>0</truncated>
		<difficult>0</difficult>
		<bndbox>
			<xmin>16</xmin>
			<ymin>43</ymin>
			<xmax>107</xmax>
			<ymax>147</ymax>
		</bndbox>
	</object>
	<object>
		<name>apple</name>
		<pose>Unspecified</pose>
		<truncated>0</truncated>
		<difficult>0</difficult>
		<bndbox>
			<xmin>109</xmin>
			<ymin>49</ymin>
			<xmax>202</xmax>
			<ymax>138</ymax>
		</bndbox>
	</object>
	<object>
		<name>apple</name>
		<pose>Unspecified</pose>
		<truncated>0</truncated>
		<difficult>0</difficult>
		<bndbox>
			<xmin>208</xmin>
			<ymin>55</ymin>
			<xmax>303</xmax>
			<ymax>135</ymax>
		</bndbox>
	</object>
</annotation>
