<annotation>
	<folder>images</folder>
	<filename>apple (141).jpg</filename>
	<path>C:\Users\Moses Olafenwa\Documents\AI\Custom Datasets\- Apples\DIST\images\apple (141).jpg</path>
	<source>
		<database>Unknown</database>
	</source>
	<size>
		<width>297</width>
		<height>170</height>
		<depth>3</depth>
	</size>
	<segmented>0</segmented>
	<object>
		<name>apple</name>
		<pose>Unspecified</pose>
		<truncated>0</truncated>
		<difficult>0</difficult>
		<bndbox>
			<xmin>31</xmin>
			<ymin>11</ymin>
			<xmax>82</xmax>
			<ymax>58</ymax>
		</bndbox>
	</object>
	<object>
		<name>apple</name>
		<pose>Unspecified</pose>
		<truncated>1</truncated>
		<difficult>0</difficult>
		<bndbox>
			<xmin>60</xmin>
			<ymin>1</ymin>
			<xmax>97</xmax>
			<ymax>32</ymax>
		</bndbox>
	</object>
	<object>
		<name>apple</name>
		<pose>Unspecified</pose>
		<truncated>0</truncated>
		<difficult>0</difficult>
		<bndbox>
			<xmin>90</xmin>
			<ymin>2</ymin>
			<xmax>129</xmax>
			<ymax>55</ymax>
		</bndbox>
	</object>
</annotation>
