<annotation>
	<folder>images</folder>
	<filename>apple (75).jpg</filename>
	<path>C:\Users\Moses Olafenwa\Documents\AI\Custom Datasets\- Apples\DIST\images\apple (75).jpg</path>
	<source>
		<database>Unknown</database>
	</source>
	<size>
		<width>282</width>
		<height>179</height>
		<depth>3</depth>
	</size>
	<segmented>0</segmented>
	<object>
		<name>apple</name>
		<pose>Unspecified</pose>
		<truncated>0</truncated>
		<difficult>0</difficult>
		<bndbox>
			<xmin>166</xmin>
			<ymin>69</ymin>
			<xmax>239</xmax>
			<ymax>153</ymax>
		</bndbox>
	</object>
</annotation>
