<annotation>
	<folder>images</folder>
	<filename>apple (83).jpg</filename>
	<path>C:\Users\Moses Olafenwa\Documents\AI\Custom Datasets\- Apples\DIST\images\apple (83).jpg</path>
	<source>
		<database>Unknown</database>
	</source>
	<size>
		<width>275</width>
		<height>183</height>
		<depth>3</depth>
	</size>
	<segmented>0</segmented>
	<object>
		<name>apple</name>
		<pose>Unspecified</pose>
		<truncated>0</truncated>
		<difficult>0</difficult>
		<bndbox>
			<xmin>110</xmin>
			<ymin>56</ymin>
			<xmax>206</xmax>
			<ymax>160</ymax>
		</bndbox>
	</object>
</annotation>
