<annotation>
	<folder>images</folder>
	<filename>apple (90).jpg</filename>
	<path>C:\Users\Moses Olafenwa\Documents\AI\Custom Datasets\- Apples\DIST\images\apple (90).jpg</path>
	<source>
		<database>Unknown</database>
	</source>
	<size>
		<width>376</width>
		<height>134</height>
		<depth>3</depth>
	</size>
	<segmented>0</segmented>
	<object>
		<name>apple</name>
		<pose>Unspecified</pose>
		<truncated>0</truncated>
		<difficult>0</difficult>
		<bndbox>
			<xmin>9</xmin>
			<ymin>33</ymin>
			<xmax>78</xmax>
			<ymax>98</ymax>
		</bndbox>
	</object>
	<object>
		<name>apple</name>
		<pose>Unspecified</pose>
		<truncated>0</truncated>
		<difficult>0</difficult>
		<bndbox>
			<xmin>87</xmin>
			<ymin>38</ymin>
			<xmax>149</xmax>
			<ymax>104</ymax>
		</bndbox>
	</object>
	<object>
		<name>apple</name>
		<pose>Unspecified</pose>
		<truncated>0</truncated>
		<difficult>0</difficult>
		<bndbox>
			<xmin>156</xmin>
			<ymin>35</ymin>
			<xmax>224</xmax>
			<ymax>102</ymax>
		</bndbox>
	</object>
	<object>
		<name>apple</name>
		<pose>Unspecified</pose>
		<truncated>0</truncated>
		<difficult>0</difficult>
		<bndbox>
			<xmin>231</xmin>
			<ymin>35</ymin>
			<xmax>297</xmax>
			<ymax>100</ymax>
		</bndbox>
	</object>
	<object>
		<name>damaged_apple</name>
		<pose>Unspecified</pose>
		<truncated>0</truncated>
		<difficult>0</difficult>
		<bndbox>
			<xmin>301</xmin>
			<ymin>34</ymin>
			<xmax>370</xmax>
			<ymax>99</ymax>
		</bndbox>
	</object>
</annotation>
