<annotation>
	<folder>images</folder>
	<filename>damaged_apple (242).jpg</filename>
	<path>C:\Users\Moses Olafenwa\Documents\AI\Custom Datasets\- Apples\DIST\images\damaged_apple (242).jpg</path>
	<source>
		<database>Unknown</database>
	</source>
	<size>
		<width>263</width>
		<height>192</height>
		<depth>3</depth>
	</size>
	<segmented>0</segmented>
	<object>
		<name>damaged_apple</name>
		<pose>Unspecified</pose>
		<truncated>0</truncated>
		<difficult>0</difficult>
		<bndbox>
			<xmin>5</xmin>
			<ymin>15</ymin>
			<xmax>137</xmax>
			<ymax>139</ymax>
		</bndbox>
	</object>
	<object>
		<name>damaged_apple</name>
		<pose>Unspecified</pose>
		<truncated>0</truncated>
		<difficult>0</difficult>
		<bndbox>
			<xmin>138</xmin>
			<ymin>14</ymin>
			<xmax>261</xmax>
			<ymax>126</ymax>
		</bndbox>
	</object>
</annotation>
