<annotation>
	<folder>images</folder>
	<filename>damaged_apple (143).jpg</filename>
	<path>C:\Users\Moses Olafenwa\Documents\AI\Custom Datasets\- Apples\DIST\images\damaged_apple (143).jpg</path>
	<source>
		<database>Unknown</database>
	</source>
	<size>
		<width>248</width>
		<height>203</height>
		<depth>3</depth>
	</size>
	<segmented>0</segmented>
	<object>
		<name>apple</name>
		<pose>Unspecified</pose>
		<truncated>0</truncated>
		<difficult>0</difficult>
		<bndbox>
			<xmin>79</xmin>
			<ymin>112</ymin>
			<xmax>143</xmax>
			<ymax>169</ymax>
		</bndbox>
	</object>
	<object>
		<name>damaged_apple</name>
		<pose>Unspecified</pose>
		<truncated>0</truncated>
		<difficult>0</difficult>
		<bndbox>
			<xmin>160</xmin>
			<ymin>112</ymin>
			<xmax>229</xmax>
			<ymax>169</ymax>
		</bndbox>
	</object>
</annotation>
