<annotation>
	<folder>images</folder>
	<filename>damaged_apple (211).jpg</filename>
	<path>C:\Users\Moses Olafenwa\Documents\AI\Custom Datasets\- Apples\DIST\images\damaged_apple (211).jpg</path>
	<source>
		<database>Unknown</database>
	</source>
	<size>
		<width>259</width>
		<height>194</height>
		<depth>3</depth>
	</size>
	<segmented>0</segmented>
	<object>
		<name>apple</name>
		<pose>Unspecified</pose>
		<truncated>0</truncated>
		<difficult>0</difficult>
		<bndbox>
			<xmin>22</xmin>
			<ymin>13</ymin>
			<xmax>68</xmax>
			<ymax>53</ymax>
		</bndbox>
	</object>
	<object>
		<name>apple</name>
		<pose>Unspecified</pose>
		<truncated>0</truncated>
		<difficult>0</difficult>
		<bndbox>
			<xmin>61</xmin>
			<ymin>59</ymin>
			<xmax>100</xmax>
			<ymax>98</ymax>
		</bndbox>
	</object>
	<object>
		<name>apple</name>
		<pose>Unspecified</pose>
		<truncated>0</truncated>
		<difficult>0</difficult>
		<bndbox>
			<xmin>49</xmin>
			<ymin>141</ymin>
			<xmax>84</xmax>
			<ymax>175</ymax>
		</bndbox>
	</object>
	<object>
		<name>damaged_apple</name>
		<pose>Unspecified</pose>
		<truncated>0</truncated>
		<difficult>0</difficult>
		<bndbox>
			<xmin>194</xmin>
			<ymin>84</ymin>
			<xmax>255</xmax>
			<ymax>161</ymax>
		</bndbox>
	</object>
	<object>
		<name>damaged_apple</name>
		<pose>Unspecified</pose>
		<truncated>0</truncated>
		<difficult>0</difficult>
		<bndbox>
			<xmin>110</xmin>
			<ymin>15</ymin>
			<xmax>193</xmax>
			<ymax>85</ymax>
		</bndbox>
	</object>
</annotation>
