<annotation><folder>annotations</folder><filename>apple-6</filename><path /><source /><size><width>162</width><height>121</height><depth>3</depth></size><segmented>0</segmented><object><name>damaged_apple</name><pose>Unspecified</pose><truncated>0</truncated><difficult>0</difficult><bndbox><xmin>93</xmin><ymin>41</ymin><xmax>122</xmax><ymax>68</ymax></bndbox></object><object><name>damaged_apple</name><pose>Unspecified</pose><truncated>0</truncated><difficult>0</difficult><bndbox><xmin>146</xmin><ymin>82</ymin><xmax>161</xmax><ymax>111</ymax></bndbox></object></annotation>