<annotation><folder>annotations</folder><filename>apple-15</filename><path /><source /><size><width>162</width><height>107</height><depth>3</depth></size><segmented>0</segmented><object><name>apple</name><pose>Unspecified</pose><truncated>0</truncated><difficult>0</difficult><bndbox><xmin>54</xmin><ymin>66</ymin><xmax>98</xmax><ymax>93</ymax></bndbox></object><object><name>apple</name><pose>Unspecified</pose><truncated>0</truncated><difficult>0</difficult><bndbox><xmin>81</xmin><ymin>45</ymin><xmax>113</xmax><ymax>72</ymax></bndbox></object></annotation>