<annotation><folder>annotations</folder><filename>apple-7</filename><path /><source /><size><width>108</width><height>140</height><depth>3</depth></size><segmented>0</segmented><object><name>apple</name><pose>Unspecified</pose><truncated>0</truncated><difficult>0</difficult><bndbox><xmin>45</xmin><ymin>31</ymin><xmax>77</xmax><ymax>57</ymax></bndbox></object><object><name>apple</name><pose>Unspecified</pose><truncated>0</truncated><difficult>0</difficult><bndbox><xmin>13</xmin><ymin>59</ymin><xmax>50</xmax><ymax>85</ymax></bndbox></object><object><name>apple</name><pose>Unspecified</pose><truncated>0</truncated><difficult>0</difficult><bndbox><xmin>67</xmin><ymin>57</ymin><xmax>102</xmax><ymax>83</ymax></bndbox></object></annotation>