<annotation><folder>annotations</folder><filename>apple-11</filename><path /><source /><size><width>131</width><height>140</height><depth>3</depth></size><segmented>0</segmented><object><name>apple</name><pose>Unspecified</pose><truncated>0</truncated><difficult>0</difficult><bndbox><xmin>2</xmin><ymin>11</ymin><xmax>70</xmax><ymax>81</ymax></bndbox></object><object><name>apple</name><pose>Unspecified</pose><truncated>0</truncated><difficult>0</difficult><bndbox><xmin>0</xmin><ymin>1</ymin><xmax>36</xmax><ymax>26</ymax></bndbox></object><object><name>apple</name><pose>Unspecified</pose><truncated>0</truncated><difficult>0</difficult><bndbox><xmin>106</xmin><ymin>31</ymin><xmax>131</xmax><ymax>70</ymax></bndbox></object><object><name>apple</name><pose>Unspecified</pose><truncated>0</truncated><difficult>0</difficult><bndbox><xmin>70</xmin><ymin>77</ymin><xmax>124</xmax><ymax>100</ymax></bndbox></object><object><name>apple</name><pose>Unspecified</pose><truncated>0</truncated><difficult>0</difficult><bndbox><xmin>76</xmin><ymin>126</ymin><xmax>118</xmax><ymax>138</ymax></bndbox></object><object><name>apple</name><pose>Unspecified</pose><truncated>0</truncated><difficult>0</difficult><bndbox><xmin>85</xmin><ymin>16</ymin><xmax>113</xmax><ymax>62</ymax></bndbox></object><object><name>apple</name><pose>Unspecified</pose><truncated>0</truncated><difficult>0</difficult><bndbox><xmin>0</xmin><ymin>120</ymin><xmax>22</xmax><ymax>140</ymax></bndbox></object><object><name>apple</name><pose>Unspecified</pose><truncated>0</truncated><difficult>0</difficult><bndbox><xmin>25</xmin><ymin>121</ymin><xmax>48</xmax><ymax>139</ymax></bndbox></object><object><name>apple</name><pose>Unspecified</pose><truncated>0</truncated><difficult>0</difficult><bndbox><xmin>123</xmin><ymin>120</ymin><xmax>131</xmax><ymax>140</ymax></bndbox></object></annotation>