<annotation><folder>annotations</folder><filename>apple-8</filename><path /><source /><size><width>140</width><height>140</height><depth>3</depth></size><segmented>0</segmented><object><name>apple</name><pose>Unspecified</pose><truncated>0</truncated><difficult>0</difficult><bndbox><xmin>63</xmin><ymin>26</ymin><xmax>94</xmax><ymax>53</ymax></bndbox></object><object><name>damaged_apple</name><pose>Unspecified</pose><truncated>0</truncated><difficult>0</difficult><bndbox><xmin>106</xmin><ymin>56</ymin><xmax>134</xmax><ymax>80</ymax></bndbox></object><object><name>apple</name><pose>Unspecified</pose><truncated>0</truncated><difficult>0</difficult><bndbox><xmin>33</xmin><ymin>32</ymin><xmax>60</xmax><ymax>62</ymax></bndbox></object><object><name>apple</name><pose>Unspecified</pose><truncated>0</truncated><difficult>0</difficult><bndbox><xmin>44</xmin><ymin>59</ymin><xmax>73</xmax><ymax>103</ymax></bndbox></object></annotation>