<annotation><folder>annotations</folder><filename>apple-16</filename><path /><source /><size><width>162</width><height>108</height><depth>3</depth></size><segmented>0</segmented><object><name>damaged_apple</name><pose>Unspecified</pose><truncated>0</truncated><difficult>0</difficult><bndbox><xmin>98</xmin><ymin>36</ymin><xmax>144</xmax><ymax>66</ymax></bndbox></object><object><name>damaged_apple</name><pose>Unspecified</pose><truncated>0</truncated><difficult>0</difficult><bndbox><xmin>137</xmin><ymin>45</ymin><xmax>163</xmax><ymax>90</ymax></bndbox></object><object><name>damaged_apple</name><pose>Unspecified</pose><truncated>0</truncated><difficult>0</difficult><bndbox><xmin>66</xmin><ymin>27</ymin><xmax>98</xmax><ymax>70</ymax></bndbox></object></annotation>