<annotation><folder>images</folder><filename>apple_fruit/apple fruit_1.jpeg</filename><path /><source /><size><width>300</width><height>168</height><depth>3</depth></size><segmented>0</segmented><object><name>apple</name><pose>Unspecified</pose><truncated>0</truncated><difficult>0</difficult><bndbox><xmin>165</xmin><ymin>15</ymin><xmax>247</xmax><ymax>66</ymax></bndbox></object><object><name>apple</name><pose>Unspecified</pose><truncated>0</truncated><difficult>0</difficult><bndbox><xmin>0</xmin><ymin>20</ymin><xmax>90</xmax><ymax>76</ymax></bndbox></object><object><name>apple</name><pose>Unspecified</pose><truncated>0</truncated><difficult>0</difficult><bndbox><xmin>82</xmin><ymin>24</ymin><xmax>188</xmax><ymax>81</ymax></bndbox></object><object><name>apple</name><pose>Unspecified</pose><truncated>0</truncated><difficult>0</difficult><bndbox><xmin>221</xmin><ymin>50</ymin><xmax>301</xmax><ymax>109</ymax></bndbox></object><object><name>apple</name><pose>Unspecified</pose><truncated>0</truncated><difficult>0</difficult><bndbox><xmin>140</xmin><ymin>90</ymin><xmax>242</xmax><ymax>133</ymax></bndbox></object><object><name>apple</name><pose>Unspecified</pose><truncated>0</truncated><difficult>0</difficult><bndbox><xmin>270</xmin><ymin>0</ymin><xmax>300</xmax><ymax>35</ymax></bndbox></object></annotation>